Row 1A,Row 1B,Row 2A,Row 2B
-0.14285714285714285,0.11428571428571428,0.2857142857142857,-0.02857142857142857
